Designator,Footprint,Quantity,Value,LCSC Part #
"C1, C2, C4",0805,3,1u,C28323
"C3, C5",0805,2,100n,C49678
C6,0805,1,10u,C15850
J1,USB_C_Receptacle_HRO_TYPE-C-31-M-12,1,USB_C_Receptacle_USB2.0_16P,C165948
J2,"TerminalBlock_Phoenix_MKDS-1,5-2-5.08_1x02_P5.08mm_Horizontal",1,Solar_Panel_IN,C480516
J3,"TerminalBlock_Phoenix_MKDS-1,5-2-5.08_1x02_P5.08mm_Horizontal",1,Load_OUT,C480516
"R1, R2",0805,2,5.1k,C27834
R3,2512,1,20m,C5375423
"R4, R8",0805,2,4.7k,C17673
"R5, R6, R7, R9",0805,4,10k,C17414
SW1,SW_PUSH_6mm,1,RESET,C722171
SW2,SW_PUSH_6mm,1,BOOT,C722171
U1,TSSOP-10_3x3mm_P0.5mm,1,INA226,C49851
U2,SOT-23-5,1,AP2112K-3.3,C51118
U3,ESP32-C3-WROOM-02,1,ESP32-C3-WROOM-02,C2934560
