Designator,Mid X,Mid Y,Rotation,Layer
C1,137.5,-79.0,270.0,top
C2,137.5,-71.05,90.0,top
C3,145.0,-63.45,270.0,top
C4,113.0,-48.45,270.0,top
C5,111.95,-45.0,180.0,top
C6,111.0,-48.45,270.0,top
J1,129.25,-77.045,0.0,top
J2,150.0,-49.96,90.0,top
J3,149.5,-74.89,90.0,top
R1,121.5,-73.6,0.0,top
R2,121.5,-76.55,0.0,top
R3,150.5,-61.4625,270.0,top
R4,139.0,-63.9125,90.0,top
R5,107.5875,-52.5,180.0,top
R6,107.5,-47.5,180.0,top
R7,107.5,-50.0,180.0,top
R8,141.0,-63.9125,90.0,top
R9,136.5,-48.9125,90.0,top
SW1,101.75,-75.75,180.0,top
SW2,112.25,-75.75,0.0,top
U1,143.0,-60.0,270.0,top
U2,137.5,-75.0,270.0,top
U3,124.25,-50.5,0.0,top
